<?xml version="1.0" encoding="utf-8"?>
<plan>
  <id>4</id>
  <lang></lang>
  <title>Banner_Slider_Top</title>
  <form>sequential</form>
  <width>50</width>
  <height>50</height>
  <banners>
    <banners_item>
      <id>3</id>
      <title>Banner_Slider_Top_1</title>
      <clid>1</clid>
      <file_name>slide-1_1.jpg</file_name>
      <imageforswf>slide-1.jpg</imageforswf>
      <file_ext>jpg</file_ext>
      <file_mime>image/jpeg</file_mime>
      <file_width>1028</file_width>
      <file_height>465</file_height>
      <file_alt>BREAKFAST PRODUCTS ON SALE</file_alt>
      <file_click></file_click>
      <target>_blank</target>
      <bannerhtml>&lt;h6 class="text-transform-none appear-animate fadeInDownShorter animated appear-animation-visible" data-animation-delay="100" data-animation-name="fadeInDownShorter" style="animation-delay: 100ms; animation-duration: 1000ms;"&gt;Exclusive Product New Arrival&lt;/h6&gt;&#13;
&#13;
&lt;h2 class="text-transform-none appear-animate fadeInUpShorter animated appear-animation-visible" data-animation-delay="600" data-animation-name="fadeInUpShorter" style="animation-delay: 600ms; animation-duration: 1000ms;"&gt;Condensed Milk&lt;/h2&gt;&#13;
&#13;
&lt;h3 class="appear-animate fadeInRightShorter animated appear-animation-visible" data-animation-delay="1100" data-animation-name="fadeInRightShorter" style="animation-delay: 1100ms; animation-duration: 1000ms;"&gt;NATURAL PRODUCT&lt;/h3&gt;&#13;
&lt;span class="custom-font text-transform-none appear-animate fadeInRightShorter animated appear-animation-visible" data-animation-delay="1100" data-animation-name="fadeInRightShorter" style="animation-delay: 1100ms; animation-duration: 1000ms;"&gt;&lt;span&gt;Extra!&lt;/span&gt;&lt;/span&gt;&#13;
&#13;
&lt;h5 class="appear-animate fadeInUpShorter animated appear-animation-visible" data-animation-delay="1400" data-animation-name="fadeInUpShorter" style="animation-delay: 1400ms; animation-duration: 1000ms;"&gt;BREAKFAST PRODUCTS ON SALE&lt;/h5&gt;&#13;
&#13;
&lt;h4 class="d-inline-block appear-animate fadeInRightShorter animated appear-animation-visible" data-animation-delay="1800" data-animation-name="fadeInRightShorter" style="animation-delay: 1800ms; animation-duration: 1000ms;"&gt;&lt;sup&gt;UP TO&lt;/sup&gt; &lt;b class="coupon-sale-text ls-10 text-white align-middle"&gt;50%&lt;/b&gt;&lt;/h4&gt;</bannerhtml>
      <publ_time>1667381963</publ_time>
      <exp_time>0</exp_time>
    </banners_item>
    <banners_item>
      <id>4</id>
      <title>Banner_Slider_Top_2</title>
      <clid>1</clid>
      <file_name>slide-2_1.jpg</file_name>
      <imageforswf>slide-2.jpg</imageforswf>
      <file_ext>jpg</file_ext>
      <file_mime>image/jpeg</file_mime>
      <file_width>1028</file_width>
      <file_height>465</file_height>
      <file_alt></file_alt>
      <file_click></file_click>
      <target>_blank</target>
      <bannerhtml>&lt;h6 class="text-transform-none appear-animate fadeInDownShorter animated appear-animation-visible" data-animation-delay="100" data-animation-name="fadeInDownShorter" style="animation-delay: 100ms; animation-duration: 1000ms;"&gt;Exclusive Product New Arrival&lt;/h6&gt;&#13;
&#13;
&lt;h2 class="text-transform-none appear-animate fadeInUpShorter animated appear-animation-visible" data-animation-delay="600" data-animation-name="fadeInUpShorter" style="animation-delay: 600ms; animation-duration: 1000ms;"&gt;Condensed Milk&lt;/h2&gt;&#13;
&#13;
&lt;h3 class="appear-animate fadeInRightShorter animated appear-animation-visible" data-animation-delay="1100" data-animation-name="fadeInRightShorter" style="animation-delay: 1100ms; animation-duration: 1000ms;"&gt;NATURAL PRODUCT&lt;/h3&gt;&#13;
&lt;span class="custom-font text-transform-none appear-animate fadeInRightShorter animated appear-animation-visible" data-animation-delay="1100" data-animation-name="fadeInRightShorter" style="animation-delay: 1100ms; animation-duration: 1000ms;"&gt;&lt;span&gt;Extra!&lt;/span&gt;&lt;/span&gt;&#13;
&#13;
&lt;h5 class="appear-animate fadeInUpShorter animated appear-animation-visible" data-animation-delay="1400" data-animation-name="fadeInUpShorter" style="animation-delay: 1400ms; animation-duration: 1000ms;"&gt;BREAKFAST PRODUCTS ON SALE&lt;/h5&gt;&#13;
&#13;
&lt;h4 class="d-inline-block appear-animate fadeInRightShorter animated appear-animation-visible" data-animation-delay="1800" data-animation-name="fadeInRightShorter" style="animation-delay: 1800ms; animation-duration: 1000ms;"&gt;&lt;sup&gt;UP TO&lt;/sup&gt; &lt;b class="coupon-sale-text ls-10 text-white align-middle"&gt;50%&lt;/b&gt;&lt;/h4&gt;</bannerhtml>
      <publ_time>1667382012</publ_time>
      <exp_time>0</exp_time>
    </banners_item>
  </banners>
</plan>
