<?xml version="1.0" encoding="utf-8"?>
<plan>
  <id>5</id>
  <lang></lang>
  <title>Banner_No_Slider_Top</title>
  <form>sequential</form>
  <width>50</width>
  <height>50</height>
  <banners>
    <banners_item>
      <id>5</id>
      <title>Banner_No_Slider_Top_1</title>
      <clid>1</clid>
      <file_name>banner-1_1.jpg</file_name>
      <imageforswf>banner-1.jpg</imageforswf>
      <file_ext>jpg</file_ext>
      <file_mime>image/jpeg</file_mime>
      <file_width>504</file_width>
      <file_height>222</file_height>
      <file_alt></file_alt>
      <file_click></file_click>
      <target>_blank</target>
      <bannerhtml>&lt;h6 class="text-transform-none mb-1 appear-animate animated fadeInDownShorter appear-animation-visible" data-animation-delay="100" data-animation-name="fadeInDownShorter" style="animation-duration: 1000ms;"&gt;Exclusive Product New Arrival&lt;/h6&gt;&#13;
&#13;
&lt;h2 class="text-transform-none appear-animate animated fadeInUpShorter appear-animation-visible" data-animation-delay="600" data-animation-name="fadeInUpShorter" style="animation-duration: 1000ms;"&gt;Organic Coffee&lt;/h2&gt;&#13;
&#13;
&lt;h3 class="appear-animate animated fadeInRightShorter appear-animation-visible" data-animation-delay="1100" data-animation-name="fadeInRightShorter" style="animation-duration: 1000ms;"&gt;SPECIAL BLEND&lt;/h3&gt;&#13;
&lt;span class="custom-font text-transform-none appear-animate animated fadeInRightShorter appear-animation-visible" data-animation-delay="1100" data-animation-name="fadeInRightShorter" style="animation-duration: 1000ms;"&gt;&lt;span&gt;Fresh!&lt;/span&gt;&lt;/span&gt;</bannerhtml>
      <publ_time>1667383373</publ_time>
      <exp_time>0</exp_time>
    </banners_item>
    <banners_item>
      <id>6</id>
      <title>Banner_No_Slider_Top_2</title>
      <clid>1</clid>
      <file_name>banner-2_1.jpg</file_name>
      <imageforswf>banner-2.jpg</imageforswf>
      <file_ext>jpg</file_ext>
      <file_mime>image/jpeg</file_mime>
      <file_width>501</file_width>
      <file_height>222</file_height>
      <file_alt></file_alt>
      <file_click></file_click>
      <target>_blank</target>
      <bannerhtml>&lt;h6 class="text-transform-none mb-1 appear-animate animated fadeInDownShorter appear-animation-visible" data-animation-delay="100" data-animation-name="fadeInDownShorter" style="animation-duration: 1000ms;"&gt;Exclusive Product New Arrival&lt;/h6&gt;&#13;
&#13;
&lt;h2 class="text-transform-none appear-animate animated fadeInUpShorter appear-animation-visible" data-animation-delay="600" data-animation-name="fadeInUpShorter" style="animation-duration: 1000ms;"&gt;Organic Coffee&lt;/h2&gt;&#13;
&#13;
&lt;h3 class="appear-animate animated fadeInRightShorter appear-animation-visible" data-animation-delay="1100" data-animation-name="fadeInRightShorter" style="animation-duration: 1000ms;"&gt;SPECIAL BLEND&lt;/h3&gt;&#13;
&lt;span class="custom-font text-transform-none appear-animate animated fadeInRightShorter appear-animation-visible" data-animation-delay="1100" data-animation-name="fadeInRightShorter" style="animation-duration: 1000ms;"&gt;&lt;span&gt;Fresh!&lt;/span&gt;&lt;/span&gt;</bannerhtml>
      <publ_time>1667383398</publ_time>
      <exp_time>0</exp_time>
    </banners_item>
  </banners>
</plan>
