<?xml version="1.0" encoding="utf-8"?>
<plan>
  <id>6</id>
  <lang></lang>
  <title>Banner_No_Slider_Top_Footer</title>
  <form>sequential</form>
  <width>50</width>
  <height>50</height>
  <banners>
    <banners_item>
      <id>7</id>
      <title>Banner_No_Slider_Top_Footer_1</title>
      <clid>1</clid>
      <file_name>banner-3_1.jpg</file_name>
      <imageforswf>banner-3.jpg</imageforswf>
      <file_ext>jpg</file_ext>
      <file_mime>image/jpeg</file_mime>
      <file_width>1552</file_width>
      <file_height>270</file_height>
      <file_alt></file_alt>
      <file_click></file_click>
      <target>_blank</target>
      <bannerhtml>&lt;div class="content-left text-center text-sm-right"&gt;&#13;
&lt;h6 class="text-transform-none appear-animate" data-animation-delay="100" data-animation-name="fadeInDownShorter"&gt;Exclusive Whole Wheat&lt;/h6&gt;&#13;
&#13;
&lt;h2 class="text-transform-none appear-animate" data-animation-delay="600" data-animation-name="fadeInUpShorter"&gt;Fluffy Pancakes&lt;/h2&gt;&#13;
&#13;
&lt;h3 class="appear-animate" data-animation-delay="1100" data-animation-name="fadeInRightShorter"&gt;GOOD OLD FASHIONED&lt;/h3&gt;&#13;
&lt;/div&gt;&#13;
&#13;
&lt;div class="content-right text-center text-sm-right"&gt;&#13;
&lt;h5 class="appear-animate" data-animation-delay="400" data-animation-name="fadeInUpShorter"&gt;BREAKFAST PRODUCTS ON SALE&lt;/h5&gt;&#13;
&#13;
&lt;h4 class="d-inline-block appear-animate" data-animation-delay="800" data-animation-name="fadeInRightShorter"&gt;&lt;sup&gt;UP TO&lt;/sup&gt; &lt;b class="coupon-sale-text ls-10 text-white align-middle"&gt;50%&lt;/b&gt;&lt;/h4&gt;&#13;
&lt;/div&gt;</bannerhtml>
      <publ_time>1667459707</publ_time>
      <exp_time>0</exp_time>
    </banners_item>
  </banners>
</plan>
